{
  "integrations": [
    {
      "id": "a1daa63b-09e9-4dda-86c0-b4edc6bf5912",
      "name": "Inbound Request from IA",
      "action": "RUN_SCRIPT",
      "type": "INBOUND_WEBHOOK",
      "deployed": true,
      "script": "/******************************************************************************\n * Process Inbound Request from IA - Inbound integrations - run a script\n *\n * Using an inbound integration to run a script enables you to access the full\n * functionality of the xMatters REST API with simple HTTP call.\n *\n * Each inbound integration is authenticated independently, which allows you to\n * run the script without storing the login credentials of your xMatters account\n * in an external system.\n *\n * Scripts can use the xMatters REST API to manage users, groups, and events,\n * see who is on call, or perform any other system actions available in the xMatters\n * REST API (see https://help.xmatters.com/xmAPI). Scripts can also interact with other\n * systems in your toolchain by calling endpoints over HTTP.\n *\n * When you choose the Run a script action in the Integration Builder, the script\n * is not associated with a specific form and the built-in form object is not available.\n *\n * This Inbound Integration takes a request from Control-M via the Integration Agent\n * and performs some additional transformation logic before determining the\n * appropriate Form to trigger, and then triggers that Form.\n * \n */\n\n/**\n * Load shared libraries\n *\n */\nvar util = require('util');\nvar ctlmUtil = require('control-m-util');\n\n/**\n * Parse incoming data\n *\n * Typically, data is passed into an inbound integration as XML or JSON in the request\n * body, but you can represent the data in another format or include it as a query\n * parameter appended to the URL.\n *\n * The script's built-in request object enables you to access elements of the\n * request, including the payload contained in the request body and any URL\n * parameters. The following code snippets show how to retrieve these values.\n * Choose the option that matches how your system includes data in the request to\n * the inbound integration URL.\n */\nvar trigger = {};\nvar data = JSON.parse(request.body);  //Use this if the payload is a JSON object in the request body\nif (typeof data.properties === \"undefined\") {\n    console.log(\"Malformed request, exiting: \" + JSON.stringify(data,null,4));\n    throw \"Malformed request\";\n}\n\n/**\n * See if this is a request to delete any existing Events, or our options are set accordingly.\n * Control-M will send requests with an empty value for controlm_server to signal the request for a delete action\n * (e.g. controlm_server is missing, null, or empty)\n * \n */\nif (data.properties.controlm_server.length === 0 || \"true\".equalsIgnoreCase(constants.OPT_DELETE_EXISTING_EVENTS)) {\n    // Delete events\n    console.log(\"Stopping any active xMatters Events for Order Id [\" + data.properties.order_id + \"]\");\n    var count = util.terminateEvents(ctlmUtil.getExistingEventsFilter(data.properties.order_id));\n    console.log(\"SUCCESS. xMatters Events stopped: \" + count); // deleteEvents will throw exception if something is wrong\n    // If it was a DELETE request, then simply return without launching any forms.\n    if (data.properties.controlm_server.length === 0) return;\n}\n\n/**\n * Perform validation and transformation on the trigger object\n * Based on the incoming data, determine which form to post to.\n * Internally, we use constants to hold the URL in question.\n * Returns the form URL to call in trigger.properties.url\n * \n */\nvar formURL = ctlmUtil.populateTriggerWithData(trigger, data);\nif (null === formURL) {\n    console.log('BMC Control-M Notification failed to determine formURL!');\n    return;\n} else {\n    console.log('formURL: ' + formURL);\n}\n\n/**\n * Post the request to initiate the Form\n *\n */\nvar postFormRequest = http.request({\n    'endpoint': 'xMatters',\n    'path': formURL,\n    'method': 'POST',\n    'headers' : {\n        'Content-Type': 'application/json'\n        }\n    });\nvar response = postFormRequest.write(trigger);\n\n/**\n * Check the response\n * \n */\nif (util.isValidStatusCode(response.statusCode)) {\n    console.log('BMC Control-M Notification succeeded with response: ' + JSON.stringify(response,null,4));\n} else {\n    console.log('BMC Control-M Notification failed with response: ' + JSON.stringify(response,null,4));\n}\n",
      "environment": "HOSTED",
      "authType": "ANY"
    },
    {
      "id": "e3c78d32-4be7-4272-b2d8-f256cc850640",
      "name": "Trigger Abend Form",
      "action": "CREATE_EVENT_SIMPLE",
      "type": "INBOUND_WEBHOOK",
      "deployed": true,
      "form": "cff55dc2-2789-43e9-8ada-82798a109692",
      "script": "var plan_id = 'd3cf9172-704b-47d7-93c7-4aa628e7a54b', form_id = 'cff55dc2-2789-43e9-8ada-82798a109692';\nvar xm_ver = 1;\n\nvar endpointpath = '/api/xm/' + xm_ver + '/plans/' + plan_id + '/forms/' + form_id + '/triggers';\n\nvar req = http.request({\n    method: 'POST',\n    endpoint: 'xMatters',\n    path: endpointpath,\n    headers: {\n        'Content-Type': 'application/json',\n    }\n});\n\n// Add requestId to payload\nvar payload = JSON.parse(request.body);\nif (!payload) {\n    payload = {};\n}\npayload.requestId = request.requestId;\npayload.integrationUUID = request.integrationUuid;\n\nvar response = req.write(payload);\n\n// If not 2xx response, throw exception to fail the integration\nif (response.statusCode >= 300) {\n    throw \"Failed to make call to xMatters endpoint. Path: \" + endpointpath + \". Server responded with status \" + response.statusCode;\n}\n\n",
      "environment": "HOSTED",
      "authType": "ANY"
    },
    {
      "id": "5d76d0c2-592b-48fd-8053-cdeeb16772cb",
      "name": "Trigger Command Result Form",
      "action": "CREATE_EVENT_SIMPLE",
      "type": "INBOUND_WEBHOOK",
      "deployed": true,
      "form": "77cea4bd-8920-4969-8469-1c874493746b",
      "script": "var plan_id = 'd3cf9172-704b-47d7-93c7-4aa628e7a54b', form_id = '77cea4bd-8920-4969-8469-1c874493746b';\nvar xm_ver = 1;\n\nvar endpointpath = '/api/xm/' + xm_ver + '/plans/' + plan_id + '/forms/' + form_id + '/triggers';\n\nvar req = http.request({\n    method: 'POST',\n    endpoint: 'xMatters',\n    path: endpointpath,\n    headers: {\n        'Content-Type': 'application/json',\n    }\n});\n\n// Add requestId to payload\nvar payload = JSON.parse(request.body);\nif (!payload) {\n    payload = {};\n}\npayload.requestId = request.requestId;\npayload.integrationUUID = request.integrationUuid;\n\nvar response = req.write(payload);\n\n// If not 2xx response, throw exception to fail the integration\nif (response.statusCode >= 300) {\n    throw \"Failed to make call to xMatters endpoint. Path: \" + endpointpath + \". Server responded with status \" + response.statusCode;\n}\n\n",
      "environment": "HOSTED",
      "authType": "ANY"
    },
    {
      "id": "f989ee1b-0f35-4497-9dfb-ef1f777ad0e9",
      "name": "Trigger Complete Too Fast Form",
      "action": "CREATE_EVENT_SIMPLE",
      "type": "INBOUND_WEBHOOK",
      "deployed": true,
      "form": "4f791dde-92d5-4bba-a6da-cc7e288d7043",
      "script": "var plan_id = 'd3cf9172-704b-47d7-93c7-4aa628e7a54b', form_id = '4f791dde-92d5-4bba-a6da-cc7e288d7043';\nvar xm_ver = 1;\n\nvar endpointpath = '/api/xm/' + xm_ver + '/plans/' + plan_id + '/forms/' + form_id + '/triggers';\n\nvar req = http.request({\n    method: 'POST',\n    endpoint: 'xMatters',\n    path: endpointpath,\n    headers: {\n        'Content-Type': 'application/json',\n    }\n});\n\n// Add requestId to payload\nvar payload = JSON.parse(request.body);\nif (!payload) {\n    payload = {};\n}\npayload.requestId = request.requestId;\npayload.integrationUUID = request.integrationUuid;\n\nvar response = req.write(payload);\n\n// If not 2xx response, throw exception to fail the integration\nif (response.statusCode >= 300) {\n    throw \"Failed to make call to xMatters endpoint. Path: \" + endpointpath + \". Server responded with status \" + response.statusCode;\n}\n\n",
      "environment": "HOSTED",
      "authType": "ANY"
    },
    {
      "id": "320067fe-dcb7-4ed1-91e4-ac7be99b87bb",
      "name": "Trigger Run Too Long Form",
      "action": "CREATE_EVENT_SIMPLE",
      "type": "INBOUND_WEBHOOK",
      "deployed": true,
      "form": "ccd1e262-3292-4c86-9e99-29b921112437",
      "script": "var plan_id = 'd3cf9172-704b-47d7-93c7-4aa628e7a54b', form_id = 'ccd1e262-3292-4c86-9e99-29b921112437';\nvar xm_ver = 1;\n\nvar endpointpath = '/api/xm/' + xm_ver + '/plans/' + plan_id + '/forms/' + form_id + '/triggers';\n\nvar req = http.request({\n    method: 'POST',\n    endpoint: 'xMatters',\n    path: endpointpath,\n    headers: {\n        'Content-Type': 'application/json',\n    }\n});\n\n// Add requestId to payload\nvar payload = JSON.parse(request.body);\nif (!payload) {\n    payload = {};\n}\npayload.requestId = request.requestId;\npayload.integrationUUID = request.integrationUuid;\n\nvar response = req.write(payload);\n\n// If not 2xx response, throw exception to fail the integration\nif (response.statusCode >= 300) {\n    throw \"Failed to make call to xMatters endpoint. Path: \" + endpointpath + \". Server responded with status \" + response.statusCode;\n}\n\n",
      "environment": "HOSTED",
      "authType": "ANY"
    }
  ],
  "endpoints": [],
  "constants": [
    {
      "name": "DISPLAY_DATE",
      "value": "ddd, MMM Do, Y",
      "description": "Format string to use for Date only values"
    },
    {
      "name": "DISPLAY_DATETIME",
      "value": "ddd, MMM Do, Y h:mm:ss A z",
      "description": "Format string for date and time values"
    },
    {
      "name": "DISPLAY_TIME",
      "value": "h:mm:ss A z",
      "description": "Format string for time only"
    },
    {
      "name": "DISPLAY_TIMEZONE",
      "value": "<PUT YOUR TIMEZONE STRING HERE>",
      "description": "Timezone to convert to for display purposes (e.g. America/Denver, UTC, etc.)"
    },
    {
      "name": "EMPTY_RECIPIENT",
      "value": "nobody",
      "description": "Value to send as the Recipient when no explicit Recipient should be targeted."
    },
    {
      "name": "FORM_LOOKUP_ARRAY",
      "value": "{\n\t\"JOB ENDED NOT OK\": \"<RELATIVE URL OF 'Trigger Abend Form' WITH API KEY>\",\n\t\"JOB RUNS TOO LONG\": \"<RELATIVE URL OF 'Trigger Run Too Long Form' WITH API KEY>\",\n\t\"JOB COMPLETED TOO FAST\": \"<RELATIVE URL OF 'Trigger Complete Too Fast Form' WITH API KEY\",\n\t\"ENDED NOT OK\": \"<RELATIVE URL OF 'Trigger Abend Form' WITH API KEY>\",\n\t\"RUNS TOO LONG\": \"<RELATIVE URL OF 'Trigger Run Too Long Form' WITH API KEY>\",\n\t\"COMPLETED TOO FAST\": \"<RELATIVE URL OF 'Trigger Complete Too Fast Form' WITH API KEY\",\n\t\"WAIT HOST\": \"<RELATIVE URL OF 'Trigger Abend Form' WITH API KEY>\"\n}",
      "description": "JSON Object of Form ID to Form URL mapping"
    },
    {
      "name": "INCOMING_TIMEZONE",
      "value": "UTC",
      "description": "Timezone of date/time values from Control-M"
    },
    {
      "name": "JOB_ENDED_OK",
      "value": "Ended OK",
      "description": "Job Status representing a successful completion"
    },
    {
      "name": "NAME_PART_DELIMITER",
      "value": "-",
      "description": "Character between Application, Sub-Application, and Order Folder to create compound Group name"
    },
    {
      "name": "OPT_DEFAULT_RECIPIENT_TO_APP_OR_JOB_NAME",
      "value": "true",
      "description": "If true, and no explicit recipient make a recipient from Application-Sub Application-Order Folder if is missing or nobody"
    },
    {
      "name": "OPT_DELETE_EXISTING_EVENTS",
      "value": "true",
      "description": "If true, delete any existing xMatters events for this Order ID before continuing"
    },
    {
      "name": "XMATTERS_IB_USE_WHEN_NO_MATCH",
      "value": "ENDED NOT OK",
      "description": "Job Status / Form key to use with FORM_LOOKUP_ARRAY when no others apply."
    }
  ]
}